shopee_name,competing_name,shop_a_logo,shop_b_logo,label
Adidas Official Store,Adidas Official Shop,https://preview.thenewsmarket.com/Previews/ADID/StillAssets/1920x1440/689347.jpg,https://preview.thenewsmarket.com/Previews/ADID/StillAssets/1920x1440/689347.jpg,same
Penshoppe Fashion Store,Penshoppe,https://www.penshoppe.com/cdn/shop/files/PEN_LOGO-ECOMM_1200x1200_px.jpg?v=1683515000,https://upload.wikimedia.org/wikipedia/commons/thumb/4/46/Penshoppe_logo.svg/1280px-Penshoppe_logo.svg.png,same
Philippine Computer Express,PC Express,https://encrypted-tbn0.gstatic.com/images?q=tbn:ANd9GcSahrxPnILdtEpJy8vVCJegf1jWyXB__1pQMU0NKX9ckpjhMAJeeD7se4jO&s=10,https://encrypted-tbn0.gstatic.com/images?q=tbn:ANd9GcSahrxPnILdtEpJy8vVCJegf1jWyXB__1pQMU0NKX9ckpjhMAJeeD7se4jO&s=10,same
Department of Science and Tech Mart,DOST Mart,https://caraga.dost.gov.ph/wp-content/uploads/2020/10/dostlogo.png,https://caraga.dost.gov.ph/wp-content/uploads/2020/10/dostlogo.png,same
Logitech Official Store,Logitech Official Store,https://1000logos.net/wp-content/uploads/2020/05/Logitech-Logo.png,https://1000logos.net/wp-content/uploads/2020/05/Logitech-Logo.png,same
Baseus Direct Mall,Baseus Direct Mal,https://play-lh.googleusercontent.com/wUFGWj_Br8EPE2SCJ4L5IkRtIoBacJr0c5r30lBPcYoueZm1CHIJj2vkDfD-IuzmZDLbYdCHg_0pAGUZghBrGoE,https://play-lh.googleusercontent.com/wUFGWj_Br8EPE2SCJ4L5IkRtIoBacJr0c5r30lBPcYoueZm1CHIJj2vkDfD-IuzmZDLbYdCHg_0pAGUZghBrGoE,same
Nike Philippines,Starbucks Metro Manila,https://nmp.about.nike.com/originals/about/prod/cf68f541-fc92-4373-91cb-086ae0fe2f88/001-nike-logos-swoosh-black.jpg?s=ad964c64369408b66e2712e6c9dd1208f08346cc9a9f268a60698091376d53f3,https://logos-world.net/wp-content/uploads/2020/09/Starbucks-Logo-1992-2011.png,different
Gaming Gear Central,Kitchen Appliances Hub,https://encrypted-tbn0.gstatic.com/images?q=tbn:ANd9GcR-EuYiIl_UdIZBIYfkw8PR_XUOM8NTXLRZq9CVBgk_phyVjrh_4qQ96GKp&s=10,https://cdn.vectorstock.com/i/1000v/80/48/cooking-blender-logo-icon-image-vector-49658048.jpg,different
Anker Electronics,Anker Direct PH,https://upload.wikimedia.org/wikipedia/commons/9/98/Anker_Logo_Original.jpg,https://encrypted-tbn0.gstatic.com/images?q=tbn:ANd9GcQ3LGLtSsIXyaeojm0pLi4ARMK-mng8yP4BOWAawPNlKg&s,same
Ugreen Cable Hub,Ugreen Official Store,https://encrypted-tbn0.gstatic.com/images?q=tbn:ANd9GcQLZUZk8WbMNYC3sqsDEGyco-m-yfPxKxmuFWid-D33fyUJBO-K6EHqScA&s=10,https://encrypted-tbn0.gstatic.com/images?q=tbn:ANd9GcQLZUZk8WbMNYC3sqsDEGyco-m-yfPxKxmuFWid-D33fyUJBO-K6EHqScA&s=10,same
Manila Leather Crafts,Manila Craft Supplies,https://www.shutterstock.com/image-vector/creative-professional-logo-design-template-600w-2308222961.jpg,https://t4.ftcdn.net/jpg/04/70/97/15/360_F_470971535_tR6xzNu1ogTUuv1ymANFS1Maqf8pBjVd.jpg,different
TechZone Digital,TechZone Gadgets,https://encrypted-tbn0.gstatic.com/images?q=tbn:ANd9GcRDSvyBsefDmcRNxPKM-OlwTpXxe4hh2XMzK9NajtngKPOn_euxvTyDiIqC&s=10,https://cms-assets.tutsplus.com/cdn-cgi/image/width=360/uploads/users/1631/posts/32707/item-list-card/TechLogos04_copy.jpg,different
Decathlon Pasig Branch,Decathlon Philippines,https://images.seeklogo.com/logo-png/52/1/decathlon-logo-png_seeklogo-524860.png,https://images.seeklogo.com/logo-png/52/1/decathlon-logo-png_seeklogo-524860.png,same
Realme Official Store,Realme Partner Reseller PH,https://encrypted-tbn0.gstatic.com/images?q=tbn:ANd9GcSOuyWPTAebpVaaQwodU0eknO4Z6g6QfiOzDB6cVFZ6RreWNRlxoL4EkSFv&s=10,https://encrypted-tbn0.gstatic.com/images?q=tbn:https://encrypted-tbn0.gstatic.com/images?q=tbn:ANd9GcQ1Yfm7lS160cHMKMe8B6pTuYG-G0bo7uBSYnxhrCEmIWl5VeKYfJE3CnY&s=10,different
Xiaomi Global Store,Xiaomi Global Store,https://upload.wikimedia.org/wikipedia/commons/a/ae/Xiaomi_logo_%282021-%29.svg,https://androidkenya.com/wp-content/uploads/2025/03/REDMI-Logo.jpg,different
Buldak Spicy Noodle Official,??(Buldak) Official Shop,"https://ih1.redbubble.net/image.5374244671.0325/st,small,507x507-pad,600x600,f8f8f8.jpg","https://ih1.redbubble.net/image.5374244671.0325/st,small,507x507-pad,600x600,f8f8f8.jpg",same
Aling Nena's Native Delicacies,Nena's Retail Mart PH,https://encrypted-tbn0.gstatic.com/images?q=tbn:ANd9GcQbZSrNdKzg-40Q9apOAFQJnl8YIMGe7FzA8dwuyTAO5wY3CjQwBwHdlZVs&s=10,https://encrypted-tbn0.gstatic.com/images?q=tbn:ANd9GcQbZSrNdKzg-40Q9apOAFQJnl8YIMGe7FzA8dwuyTAO5wY3CjQwBwHdlZVs&s=10,same
Xiaomi Smart Home,Yeelight Official Lighting,https://upload.wikimedia.org/wikipedia/commons/a/ae/Xiaomi_logo_%282021-%29.svg,https://encrypted-tbn0.gstatic.com/images?q=tbn:ANd9GcQvRk83pUO8lmdLXR3yUaxLyIBPQU8qkN5hQMjA8Uv-zQ&s,different
Beauty Secrets PH,BeautySecret.ph Official,https://encrypted-tbn0.gstatic.com/images?q=tbn:ANd9GcQ8RetxneAASn1Q_kaqP9mkJfZPfKryHGUG--7TVSvRsA&s,https://encrypted-tbn0.gstatic.com/images?q=tbn:ANd9GcQ8RetxneAASn1Q_kaqP9mkJfZPfKryHGUG--7TVSvRsA&s,same
Watsons Mall,Watsons Flagship LazMall,https://encrypted-tbn0.gstatic.com/images?q=tbn:ANd9GcQWn4B1W1PA8micaPXnN6_S7QOQ6u7j-ilxEGEjWQG0Ag&s,https://encrypted-tbn0.gstatic.com/images?q=tbn:ANd9GcQWn4B1W1PA8micaPXnN6_S7QOQ6u7j-ilxEGEjWQG0Ag&s,same
Sony Audio Official,Sony Electronics Philippines,https://images.seeklogo.com/logo-png/12/2/sony-logo-png_seeklogo-129420.png,https://images.seeklogo.com/logo-png/12/2/sony-logo-png_seeklogo-129420.png,same
Bakersville Kitchen Supplies,Bakers Ville Home Appliances,https://encrypted-tbn0.gstatic.com/images?q=tbn:ANd9GcT0PaGDEw2vl8QaYKYHPWqoljN7nxJHlv8lCEMfVx-YjsynZqpXfxphfzg&s=10,https://encrypted-tbn0.gstatic.com/images?q=tbn:ANd9GcQvtNxO0FtYU1jgOQujxUeuO0P2_HoW_s3vun464SDWxw&s=10,same
Apex Tech Outlet,Apex Mobile PH,https://encrypted-tbn0.gstatic.com/images?q=tbn:ANd9GcSZqcvc5I9pAlKBo3q_duv2vipC9r0CGkvf9XK6vv3ECw&s=10,https://encrypted-tbn0.gstatic.com/images?q=tbn:ANd9GcR3IndfLMADJUgtmXP6U2Hyfp_oQGg5tZhl-jCRFJzHqA&s=10,same
Sun & Sea Swimwear,Sun Sea Apparel,https://thumbs.dreamstime.com/b/water-wave-logo-abstract-design-cosmetics-surf-sport-logotype-concept-aqua-icon-193207589.jpg,https://encrypted-tbn0.gstatic.com/images?q=tbn:ANd9GcQRoduWSqXw2HUg75-Q0aGLrebSnr3Ke1TTrlWrNXQoyJypDDywiRLPW8c&s=10,different
Green Grocer Organics,Green Farm Organic Produce,https://img.magnific.com/free-vector/offset-colour-leaves_78370-6228.jpg?semt=ais_hybrid&w=740&q=80,https://img.magnific.com/free-vector/green-leaves-logo_78370-2096.jpg,different
